"effect","group","term","estimate","std.error","statistic","df","p.value","conf.low","conf.high","R2_marginal","R2_conditional","p.adj"
"fixed",NA,"dietHFHS",0.11944905717192,0.0336506588910995,3.5496795934511,16.1657278450592,0.00263201171614933,0.048172237669647,0.190725876674192,0.766964928717189,0.813340557488847,0.007896035148448
"fixed",NA,"treatmentFOS+GOS",-0.512899903160954,0.0342576195646749,-14.9718488814627,13.9852200939866,5.29355893997833e-10,-0.586382475107801,-0.439417331214106,0.766964928717189,0.813340557488847,2.11742357599133e-09
"fixed",NA,"treatmentB. longum APC1472",0.0114297484090502,0.0337897259302157,0.338261057004591,16.3406801241344,0.739473566486214,-0.0600800889942915,0.0829395858123919,0.766964928717189,0.813340557488847,0.739473566486214
"ran_pars","dam_cage","sd__(Intercept)",0.0416853812739361,NA,NA,NA,NA,NA,NA,0.766964928717189,0.813340557488847,NA
"ran_pars","cohort","sd__(Intercept)",0.0324632239098137,NA,NA,NA,NA,NA,NA,0.766964928717189,0.813340557488847,NA
"ran_pars","Residual","sd__Observation",0.105998904224665,NA,NA,NA,NA,NA,NA,0.766964928717189,0.813340557488847,NA
