"effect","group","term","estimate","std.error","statistic","df","p.value","conf.low","conf.high","R2_marginal","R2_conditional","p.adj"
"fixed",NA,"dietHFHS",0.312729478469481,0.052295361750171,5.98006148161807,21.9815935341674,5.12285496942367e-06,0.204270270539879,0.421188686399083,0.865668716871165,0.868423008101769,1.5368564908271e-05
"fixed",NA,"treatmentFOS+GOS",-0.624932232718881,0.0523609351464235,-11.9350854023387,22.5178928356272,3.25485830060024e-11,-0.733377546348907,-0.516486919088856,0.865668716871165,0.868423008101769,1.3019433202401e-10
"fixed",NA,"treatmentB. longum APC1472",-0.0623681304554798,0.0522972859824357,-1.1925691607864,22.0197173240444,0.245731387557984,-0.170820432850013,0.0460841719390538,0.865668716871165,0.868423008101769,0.245731387557984
"ran_pars","cohort","sd__(Intercept)",0.0141350262727878,NA,NA,NA,NA,NA,NA,0.865668716871165,0.868423008101769,NA
"ran_pars","Residual","sd__Observation",0.0976970987764872,NA,NA,NA,NA,NA,NA,0.865668716871165,0.868423008101769,NA
