"effect","group","term","estimate","std.error","statistic","df","p.value","conf.low","conf.high","effect_size","R2_marginal","R2_conditional","p.adj","comparison_type"
"fixed",NA,"dietHFHS",1.46014549697369,0.609628326911601,2.39514050203481,6.48399058696764,0.050582074765872,-0.00498173986615824,2.92527273381354,2.39514050203481,0.138366257019342,0.708028475319998,0.101164149531744,"diet"
"ran_pars","cohort","sd__(Intercept)",1.53727686496164,NA,NA,NA,NA,NA,NA,NA,0.138366257019342,0.708028475319998,NA,"diet"
"ran_pars","Residual","sd__Observation",1.10055976592489,NA,NA,NA,NA,NA,NA,NA,0.138366257019342,0.708028475319998,NA,"diet"
"fixed",NA,"treatmentFOS+GOS",-2.61739681516426,0.933998373571795,-2.80235693040323,14.7217936777653,0.0135846145250684,-4.61144889324475,-0.623344737083777,-2.80235693040323,0.324723965983695,0.334565180610597,0.0271692290501369,"treatment"
"fixed",NA,"treatmentB. longum APC1472",-0.203267841401243,0.933103993091849,-0.217840501065388,13.5951044295577,0.830789070303502,-2.21018316092406,1.80364747812158,-0.217840501065388,0.324723965983695,0.334565180610597,0.830789070303502,"treatment"
"ran_pars","cohort","sd__(Intercept)",0.212073245392176,NA,NA,NA,NA,NA,NA,NA,0.324723965983695,0.334565180610597,NA,"treatment"
"ran_pars","Residual","sd__Observation",1.74387074379609,NA,NA,NA,NA,NA,NA,NA,0.324723965983695,0.334565180610597,NA,"treatment"
