"effect","group","term","estimate","std.error","statistic","df","p.value","conf.low","conf.high","effect_size","R2_marginal","R2_conditional","p.adj","comparison_type"
"fixed",NA,"dietHFHS",0.313425986876002,0.058012102211121,5.40276899008701,11.9999999998025,0.000159367572717979,0.187028474302215,0.43982349944979,5.40276899008701,0.69186947425382,NA,0.000318735145435957,"diet"
"ran_pars","cohort","sd__(Intercept)",0,NA,NA,NA,NA,NA,NA,NA,0.69186947425382,NA,NA,"diet"
"ran_pars","Residual","sd__Observation",0.108530705380263,NA,NA,NA,NA,NA,NA,NA,0.69186947425382,NA,NA,"diet"
"fixed",NA,"treatmentFOS+GOS",-0.623742517143757,0.0469634735335263,-13.2814391741803,17.9999999997653,9.69252951419662e-11,-0.722409113776711,-0.525075920510803,-13.2814391741803,0.914486581113583,NA,2.90775885425898e-10,"treatment"
"fixed",NA,"treatmentB. longum APC1472",-0.0628603260402336,0.0469634735335263,-1.33849396798469,17.9999999997653,0.19739777488655,-0.161526922673188,0.0358062705927207,-1.33849396798469,0.914486581113583,NA,0.19739777488655,"treatment"
"ran_pars","cohort","sd__(Intercept)",0,NA,NA,NA,NA,NA,NA,NA,0.914486581113583,NA,NA,"treatment"
"ran_pars","Residual","sd__Observation",0.0878606138276406,NA,NA,NA,NA,NA,NA,NA,0.914486581113583,NA,NA,"treatment"
