"effect","group","term","estimate","std.error","statistic","df","p.value","conf.low","conf.high","R2_marginal","R2_conditional","p.adj"
"fixed",NA,"dietHFHS",1.90111926424904,0.805892200668262,2.35902427480076,19.1992116608473,0.029062556218234,0.215551291658617,3.58668723683945,0.353708062011391,0.396118084618602,0.0871876686547021
"fixed",NA,"treatmentFOS+GOS",-2.64623483125368,0.808272539921475,-3.27393880226435,19.8549334391147,0.00382359742168956,-4.33305186920926,-0.959417793298099,0.353708062011391,0.396118084618602,0.0152943896867582
"fixed",NA,"treatmentB. longum APC1472",-0.165192257068162,0.806168228651307,-0.204910403557485,19.4461901583871,0.83977171677531,-1.84990519636909,1.51952068223277,0.353708062011391,0.396118084618602,0.83977171677531
"ran_pars","cohort","sd__(Intercept)",0.397856495680525,NA,NA,NA,NA,NA,NA,0.353708062011391,0.396118084618602,NA
"ran_pars","Residual","sd__Observation",1.50130251798082,NA,NA,NA,NA,NA,NA,0.353708062011391,0.396118084618602,NA
