"effect","group","term","estimate","std.error","statistic","df","p.value","conf.low","conf.high","R2_marginal","R2_conditional","p.adj"
"fixed",NA,"dietHFHS",0.599254168875858,0.204210407082194,2.93449377746287,17.8128642529092,0.00893020730053756,0.169900718775158,1.02860761897656,0.126340606695283,0.202806175447073,0.0178604146010751
"fixed",NA,"treatmentFOS+GOS",-0.730991828713766,0.206831581905978,-3.5342369960022,15.365862855483,0.00290896641687156,-1.17093043577274,-0.291053221654796,0.126340606695283,0.202806175447073,0.00872689925061467
"fixed",NA,"treatmentB. longum APC1472",-0.165756176765222,0.203450434199196,-0.814725106966015,17.604469465916,0.42611447835985,-0.593879086523959,0.262366732993515,0.126340606695283,0.202806175447073,0.42611447835985
"ran_pars","dam_cage","sd__(Intercept)",0.218350939394685,NA,NA,NA,NA,NA,NA,0.126340606695283,0.202806175447073,NA
"ran_pars","cohort","sd__(Intercept)",0.0850113305736634,NA,NA,NA,NA,NA,NA,0.126340606695283,0.202806175447073,NA
"ran_pars","Residual","sd__Observation",0.75657367832187,NA,NA,NA,NA,NA,NA,0.126340606695283,0.202806175447073,NA
