"effect","group","term","estimate","std.error","statistic","df","p.value","p.adj"
"fixed",NA,"dietHFHS",0.599254168875858,0.204210407082194,2.93449377746287,17.8128642529092,0.00893020730053756,0.0178604146010751
"fixed",NA,"treatmentFOS+GOS",-0.730991828713766,0.206831581905978,-3.5342369960022,15.365862855483,0.00290896641687156,0.00872689925061467
"fixed",NA,"treatmentB. longum APC1472",-0.165756176765222,0.203450434199196,-0.814725106966015,17.604469465916,0.42611447835985,0.42611447835985
"ran_pars","dam_cage","sd__(Intercept)",0.218350939394685,NA,NA,NA,NA,NA
"ran_pars","cohort","sd__(Intercept)",0.0850113305736634,NA,NA,NA,NA,NA
"ran_pars","Residual","sd__Observation",0.75657367832187,NA,NA,NA,NA,NA
