"effect","group","term","estimate","std.error","statistic","df","p.value","p.adj"
"fixed",NA,"dietHFHS",0.11944905717192,0.0336506588910995,3.5496795934511,16.1657278450592,0.00263201171614933,0.007896035148448
"fixed",NA,"treatmentFOS+GOS",-0.512899903160954,0.0342576195646749,-14.9718488814627,13.9852200939866,5.29355893997833e-10,2.11742357599133e-09
"fixed",NA,"treatmentB. longum APC1472",0.0114297484090502,0.0337897259302157,0.338261057004591,16.3406801241344,0.739473566486214,0.739473566486214
"ran_pars","dam_cage","sd__(Intercept)",0.0416853812739361,NA,NA,NA,NA,NA
"ran_pars","cohort","sd__(Intercept)",0.0324632239098137,NA,NA,NA,NA,NA
"ran_pars","Residual","sd__Observation",0.105998904224665,NA,NA,NA,NA,NA
